{"cameraMode":{"drawMode":0,"name":"Shaded","section":"Shading Mode"},"sceneLighting":false,"audioPlay":false,"sceneViewState":{"m_AlwaysRefresh":false,"showFog":true,"showSkybox":true,"showFlares":true,"showImageEffects":true,"showParticleSystems":true,"showVisualEffectGraphs":true,"m_FxEnabled":true},"in2DMode":false,"pivot":{"x":25.16266632080078,"y":1.2042547464370728,"z":5.358325958251953},"rotation":{"x":0.002999961143359542,"y":-0.0014997234102338553,"z":0.000005618160685116891,"w":0.9999998807907105},"size":4.492604732513428,"orthographic":false}