{"cameraMode":{"drawMode":0,"name":"Shaded","section":"Shading Mode"},"sceneLighting":false,"audioPlay":false,"sceneViewState":{"showFog":true,"showMaterialUpdate":false,"showSkybox":false,"showFlares":true,"showImageEffects":true,"showParticleSystems":true},"in2DMode":false,"pivot":{"x":1.9683682918548585,"y":3.268728017807007,"z":-11.980331420898438},"rotation":{"x":-0.02399803325533867,"y":0.0017957031959667802,"z":0.00003855903560179286,"w":0.9997209310531616},"size":0.18200287222862245,"orthographic":true}