{"cameraMode":{"drawMode":0,"name":"Shaded","section":"Shading Mode"},"sceneLighting":false,"audioPlay":false,"sceneViewState":{"showFog":true,"showMaterialUpdate":false,"showSkybox":false,"showFlares":true,"showImageEffects":true,"showParticleSystems":true},"in2DMode":false,"pivot":{"x":1.2251051664352418,"y":4.624074459075928,"z":-12.042831420898438},"rotation":{"x":-0.02399803325533867,"y":0.0017957031959667802,"z":0.00003855903560179286,"w":0.9997209310531616},"size":0.5647029876708984,"orthographic":true}