{"cameraMode":{"drawMode":0,"name":"Shaded","section":"Shading Mode"},"sceneLighting":false,"audioPlay":false,"sceneViewState":{"showFog":true,"showMaterialUpdate":false,"showSkybox":false,"showFlares":true,"showImageEffects":true,"showParticleSystems":true},"in2DMode":false,"pivot":{"x":3.066936492919922,"y":4.111989498138428,"z":-11.884628295898438},"rotation":{"x":-0.02399803325533867,"y":0.0017957031959667802,"z":0.00003855903560179286,"w":0.9997209310531616},"size":0.4427647888660431,"orthographic":true}