{"cameraMode":{"drawMode":0,"name":"Shaded","section":"Shading Mode"},"sceneLighting":false,"audioPlay":false,"sceneViewState":{"showFog":true,"showMaterialUpdate":false,"showSkybox":false,"showFlares":true,"showImageEffects":true,"showParticleSystems":true},"in2DMode":false,"pivot":{"x":-0.6162872910499573,"y":4.204518795013428,"z":-12.016464233398438},"rotation":{"x":-0.02399803325533867,"y":0.0017957031959667802,"z":0.00003855903560179286,"w":0.9997209310531616},"size":0.31878697872161868,"orthographic":true}